capacity_peer_group,group_size,group_median_price,group_mean_price,group_median_residual,group_mean_residual,group_std_residual
78701 | Entire home/apt | 1-2 guests,95,188.79,242.098,0.0577384922235122,0.06946289469728582,0.30881758830853406
78701 | Entire home/apt | 3-4 guests,321,264.92,310.70467289719625,-0.0420164936561322,-0.028895750699958565,0.2443856474369248
78701 | Entire home/apt | 5-6 guests,145,341.0,389.49765517241383,0.0091069207875653,0.02372214338508367,0.2859436752931406
78701 | Entire home/apt | 7+ guests,48,446.75,522.8947916666667,-0.044985805484280605,0.0015311622178225427,0.3134186012752536
78701 | Hotel room | 1-2 guests,1,683.67,683.67,0.1690141945094714,0.1690141945094714,
78701 | Private room | 1-2 guests,84,40.57,151.3802380952381,0.0037133181144606503,-0.002661207081019435,0.2321659107459052
78701 | Private room | 3-4 guests,170,315.08500000000004,351.5001764705882,-0.00886392598223025,0.0023213002662525986,0.23639207671729753
78701 | Private room | 5-6 guests,66,416.33,481.8269696969697,0.01308824045586695,0.06304023087581194,0.2638573948619906
78701 | Private room | 7+ guests,12,774.75,899.5500000000001,0.18163627471518223,0.20038973952097314,0.24653023616654496
78701 | Shared room | 1-2 guests,4,36.5,36.75,-0.40131981807279304,-0.32997855362648765,0.4591404252220088
78701 | Shared room | 3-4 guests,3,53.0,52.0,-0.3542767770511905,-0.37667855278700335,0.12001907773364359
78701 | Shared room | 5-6 guests,1,45.0,45.0,-0.4186124006612766,-0.4186124006612766,
78702 | Entire home/apt | 1-2 guests,185,149.0,160.056,-0.0206100504710304,-0.006981172260200572,0.27897290546631237
78702 | Entire home/apt | 3-4 guests,266,194.0,216.28744360902255,-0.031861822345089,-0.017002074781364306,0.2597903396104148
78702 | Entire home/apt | 5-6 guests,188,287.5,331.8368085106383,-0.0188093454261282,-0.012266479004659988,0.27976645269216044
78702 | Entire home/apt | 7+ guests,396,457.25,575.1086616161616,-0.00829280728489665,0.01623055924412354,0.32898533205146696
78702 | Private room | 1-2 guests,63,97.67,115.98666666666666,0.0521301827874438,0.09200901474905275,0.30527895591550597
78702 | Private room | 3-4 guests,11,179.0,264.42545454545456,0.2757965494760226,0.29550412616680277,0.556944092204909
78702 | Private room | 5-6 guests,3,589.0,579.3333333333334,0.7068772677787001,0.41346975288024357,0.5282793415472505
78703 | Entire home/apt | 1-2 guests,88,169.625,184.69988636363635,-0.011415689043445799,0.013135678790754522,0.2854389383250609
78703 | Entire home/apt | 3-4 guests,153,191.15,209.5602614379085,-0.0084456970450679,-0.0015325521797934828,0.2343166380676129
78703 | Entire home/apt | 5-6 guests,67,257.0,430.7592537313433,-0.0192855247418854,0.059454706445748004,0.3984647780475832
78703 | Entire home/apt | 7+ guests,61,673.86,847.2298360655737,0.0189894093818399,0.04785396830530502,0.3221555095195965
78703 | Private room | 1-2 guests,20,93.435,108.751,0.13574343034440317,0.02961468217082842,0.36158831070362957
78703 | Private room | 3-4 guests,4,217.0,347.5,-0.1874612058637872,0.15814260602646057,0.7015517618387612
78703 | Shared room | 1-2 guests,3,96.0,106.8,-0.1735165713114215,-0.13592473046719325,0.0957634036762748
78704 | Entire home/apt | 1-2 guests,255,154.5,166.94133333333335,-0.0058302898349724,0.008220624146521494,0.3121990692636921
78704 | Entire home/apt | 3-4 guests,548,198.515,241.52138686131386,-0.0090946191218499,0.0038427470509149316,0.33785396564313286
78704 | Entire home/apt | 5-6 guests,280,282.555,384.7402142857143,0.01123739503916435,0.031572363241863244,0.3538503405138771
78704 | Entire home/apt | 7+ guests,325,563.0,731.8330461538461,-0.0081361212192039,0.00725117671988044,0.38763530122400597
78704 | Hotel room | 1-2 guests,20,786.67,832.2995000000001,-0.02381365989026515,-0.0037222470599151043,0.19802529136902544
78704 | Hotel room | 3-4 guests,25,1684.0,1947.9872,-0.0450687314720665,-0.07655806518879116,0.43001681472937064
78704 | Hotel room | 7+ guests,3,3342.0,3112.6666666666665,0.4908430809457966,0.5103124763868534,0.0906260616694363
78704 | Private room | 1-2 guests,65,109.0,151.24615384615385,0.0315237376244361,0.009531088815028066,0.4442078019173872
78704 | Private room | 3-4 guests,2,234.4,234.4,0.2203722809981396,0.2203722809981396,0.2373855982342141
78704 | Private room | 5-6 guests,1,437.67,437.67,-0.4420686312923045,-0.4420686312923045,
78705 | Entire home/apt | 1-2 guests,98,160.0,151.62204081632652,-0.0173883968439021,-0.015830762219363373,0.25348770197503984
78705 | Entire home/apt | 3-4 guests,102,160.5,166.4855882352941,-0.0133897875583106,-0.017681742113709317,0.2626042913275081
78705 | Entire home/apt | 5-6 guests,57,213.4,252.98473684210524,-0.0131431075316177,0.021144810418043773,0.31367566718312123
78705 | Entire home/apt | 7+ guests,49,359.67,428.97857142857146,-0.0490691921105934,-0.03722986781138115,0.32025328873100223
78705 | Hotel room | 1-2 guests,8,211.31,218.91,-0.09658737736999876,-0.0544094897810484,0.08700860316742122
78705 | Hotel room | 3-4 guests,2,176.11,176.11,-0.4503796441966088,-0.4503796441966088,0.0
78705 | Private room | 1-2 guests,46,45.72,118.73978260869565,0.0171048164972733,0.06961689598096236,0.43828698288924794
78705 | Private room | 3-4 guests,10,60.81,82.441,-0.3226512912647146,-0.29026786744504945,0.43344716673056616
78705 | Private room | 5-6 guests,5,64.0,60.748000000000005,-0.53261610143959,-0.6208588569386737,0.5209463724359521
78717 | Entire home/apt | 1-2 guests,2,75.4,75.4,-0.1485928005943111,-0.1485928005943111,0.03459922171422649
78717 | Entire home/apt | 3-4 guests,7,221.0,221.59857142857143,0.1794151746535082,0.18780864156596408,0.28869640726960605
78717 | Entire home/apt | 5-6 guests,4,170.66500000000002,175.3725,-0.15428236077289134,-0.2062561276812287,0.3007869004349801
78717 | Entire home/apt | 7+ guests,19,298.07,389.30947368421056,0.0343636804201192,-0.056987956737654555,0.3239075214357739
78717 | Hotel room | 1-2 guests,6,110.0,111.66666666666667,-0.0066930225175152,0.008169818207113719,0.10676596438649259
78717 | Hotel room | 3-4 guests,2,100.0,100.0,-0.2520374300872721,-0.2520374300872721,0.0
78717 | Private room | 1-2 guests,14,67.57499999999999,91.67499999999998,0.0264468674883533,0.17184975517046075,0.4247019483842373
78717 | Private room | 3-4 guests,2,106.25999999999999,106.25999999999999,-0.3065708422647546,-0.3065708422647546,0.2612717640969226
78719 | Entire home/apt | 1-2 guests,9,56.5,75.1588888888889,-0.0947609547805039,-0.10399265159182132,0.29038938395095665
78719 | Entire home/apt | 3-4 guests,2,91.75,91.75,-0.3052721797944855,-0.3052721797944855,0.5401748936543316
78719 | Entire home/apt | 5-6 guests,2,157.5,157.5,0.10471030310079014,0.10471030310079014,0.23976869536865705
78719 | Entire home/apt | 7+ guests,2,326.165,326.165,-0.0014035324968521973,-0.0014035324968521973,0.08642109808938313
78721 | Entire home/apt | 1-2 guests,38,136.915,157.71105263157892,0.07620241525778355,0.08918443068378935,0.3075883320153982
78721 | Entire home/apt | 3-4 guests,75,174.0,192.3692,-0.0266550852086586,-0.026867500827919492,0.21771845105440443
78721 | Entire home/apt | 5-6 guests,59,267.5,285.09576271186444,-0.044782924377178,-0.026637346276696477,0.26469934944127255
78721 | Entire home/apt | 7+ guests,112,347.0,415.1973214285714,-0.0258772059250187,-0.02526819330704746,0.2599449803013711
78721 | Private room | 1-2 guests,19,90.5,97.31263157894738,-0.0059698993186865,-0.019987962773204894,0.3123900996478239
78721 | Private room | 3-4 guests,1,240.0,240.0,-0.2833390951311552,-0.2833390951311552,
78722 | Entire home/apt | 1-2 guests,34,145.0,159.60882352941175,-0.0284442234055668,0.0013916636066504218,0.2670994444464981
78722 | Entire home/apt | 3-4 guests,44,172.91500000000002,200.5936363636364,0.0012081626426580995,0.001045952832436444,0.218288338972777
78722 | Entire home/apt | 5-6 guests,30,272.0,279.2676666666667,-0.0616965155496083,-0.060649317385050354,0.23681024175398552
78722 | Entire home/apt | 7+ guests,33,390.0,460.27787878787876,-0.043387636291265,-0.07905817307774021,0.3126431834068445
78722 | Private room | 1-2 guests,8,79.75,87.90375,-0.0352603744986255,0.017403261299858433,0.2194231968025323
78723 | Entire home/apt | 1-2 guests,46,126.0,138.6595652173913,-0.0219570384794529,-0.0030793767647088774,0.319845103564804
78723 | Entire home/apt | 3-4 guests,74,172.255,233.3491891891892,-0.0066040205927442,0.06556396569162537,0.5152948951709094
78723 | Entire home/apt | 5-6 guests,57,216.82,258.81859649122805,-0.0839049074532454,-0.065488209056538,0.3585670584530208
78723 | Entire home/apt | 7+ guests,83,342.0,400.6030120481928,-0.0060589915881887,0.019166656513811702,0.34567377159492213
78723 | Hotel room | 1-2 guests,2,200.0,200.0,0.04997911904036155,0.04997911904036155,0.10580101563799404
78723 | Hotel room | 3-4 guests,12,252.5,253.83333333333334,0.0132785531029582,0.016649561946844745,0.18232747678325906
78723 | Hotel room | 7+ guests,6,442.0,418.6666666666667,0.047042801106133195,0.01339885792645329,0.3136743870237058
78723 | Private room | 1-2 guests,49,79.0,121.16428571428571,-0.0667503559231654,0.010126280910465784,0.5246123386474582
78723 | Private room | 3-4 guests,3,183.0,257.1666666666667,0.3481995802643638,0.47929031327498434,0.4021820119006599
78723 | Private room | 5-6 guests,1,83.67,83.67,0.12533638357006,0.12533638357006,
78724 | Entire home/apt | 1-2 guests,13,127.81,146.1123076923077,0.2440766614693625,0.23843542489165165,0.29692718604378987
78724 | Entire home/apt | 3-4 guests,34,160.0,194.64794117647057,0.039652739932152195,0.0225163258024392,0.28174027765328724
78724 | Entire home/apt | 5-6 guests,25,204.64,273.8444,0.0092888689976584,0.0016275585734188169,0.2972851283338963
78724 | Entire home/apt | 7+ guests,42,263.66499999999996,331.15666666666664,-0.02461726235445645,-0.004930537723121978,0.3138633789877398
78724 | Private room | 1-2 guests,46,61.5,113.33782608695653,-0.1569373949565211,-0.07158094589936556,0.5609478605797594
78724 | Private room | 3-4 guests,2,206.5,206.5,0.10820962064102171,0.10820962064102171,0.7128033989188417
78724 | Private room | 5-6 guests,1,179.04,179.04,0.0796855496905175,0.0796855496905175,
78724 | Private room | 7+ guests,1,123.25,123.25,-0.2914355712144028,-0.2914355712144028,
78725 | Entire home/apt | 1-2 guests,3,280.0,279.5566666666667,0.6466169656534868,0.4576542498184321,0.46885618609159857
78725 | Entire home/apt | 3-4 guests,9,197.0,179.4611111111111,-0.0689740127240856,-0.04758446495180535,0.24331125157283298
78725 | Entire home/apt | 5-6 guests,16,265.16499999999996,272.7725,0.02150617704375255,0.00432370298890705,0.2067442172822726
78725 | Entire home/apt | 7+ guests,22,344.88,355.4540909090909,-0.09796357277353435,-0.06701912173419354,0.3081763317106019
78725 | Private room | 1-2 guests,25,62.99,76.49119999999999,-0.1097959463139552,-0.061413650798286035,0.4270657446771516
78725 | Private room | 3-4 guests,1,105.47,105.47,-0.2050039963619525,-0.2050039963619525,
78726 | Entire home/apt | 1-2 guests,2,79.44999999999999,79.44999999999999,-0.0264074924675355,-0.0264074924675355,0.12865110992859316
78726 | Entire home/apt | 3-4 guests,1,96.68,96.68,-0.2780708017927882,-0.2780708017927882,
78726 | Entire home/apt | 5-6 guests,3,223.0,215.43999999999997,-0.530064672873154,-0.29103820093956106,0.626472621215307
78726 | Entire home/apt | 7+ guests,2,290.695,290.695,-0.22828234382082965,-0.22828234382082965,0.13888455888370355
78726 | Private room | 1-2 guests,6,76.5,327.05333333333334,-0.29556603704598405,0.1353263888459996,1.0833548621143747
78727 | Entire home/apt | 1-2 guests,11,128.95,244.58545454545455,-0.1064606052389463,0.12883563579650603,0.6658242591902993
78727 | Entire home/apt | 3-4 guests,29,134.96,150.0251724137931,0.077745685822852,0.06062002128251797,0.28149602263671514
78727 | Entire home/apt | 5-6 guests,19,222.0,255.0663157894737,-0.0254615666215274,0.015739190633395378,0.3893861282221312
78727 | Entire home/apt | 7+ guests,26,299.0,351.28615384615387,-0.0661217542498087,0.008903449424222293,0.33686820676394186
78727 | Private room | 1-2 guests,18,51.015,66.78666666666668,0.08885801029028134,-0.024114918365557427,0.3789642750697766
78727 | Private room | 3-4 guests,2,56.425,56.425,-0.3435511423847819,-0.3435511423847819,0.11444495169526833
78728 | Entire home/apt | 1-2 guests,6,93.325,91.94833333333334,-0.20287494603782896,-0.1897904011511935,0.1873752261507797
78728 | Entire home/apt | 3-4 guests,9,180.0,178.95999999999998,0.1564509047317583,0.09569565230005485,0.16956577589427516
78728 | Entire home/apt | 5-6 guests,15,234.0,246.308,-0.0055905223018992,-0.0014117394638414253,0.2095219392483261
78728 | Entire home/apt | 7+ guests,29,282.73,320.41793103448276,-0.0341936372615174,0.0006498748285121674,0.3584325067231572
78728 | Private room | 1-2 guests,16,74.265,78.9225,-0.03823044148078835,-0.0640390898859424,0.38466269365315664
78728 | Private room | 3-4 guests,5,83.2,82.44200000000001,-0.1151369177944863,-0.17033877625080027,0.16888791926037483
78729 | Entire home/apt | 3-4 guests,14,118.42,145.94857142857143,-0.048063888038951647,-0.10540557173985131,0.38108939095949074
78729 | Entire home/apt | 5-6 guests,30,222.24,259.584,-0.01227076465638395,0.01649478190840641,0.343072248524414
78729 | Entire home/apt | 7+ guests,50,343.44,400.01779999999997,-0.059485477902106745,-0.016395218930677954,0.3757184202278415
78729 | Private room | 1-2 guests,33,86.0,83.8,0.0223525422165939,0.005802339111754,0.27955035565340003
78729 | Private room | 3-4 guests,2,113.0,113.0,0.1224897668690916,0.1224897668690916,0.06869189952697301
78729 | Private room | 5-6 guests,2,113.5,113.5,-0.34401441462124893,-0.34401441462124893,0.060791083787436
78729 | Private room | 7+ guests,1,154.5,154.5,-0.5314625005003624,-0.5314625005003624,
78730 | Entire home/apt | 1-2 guests,7,95.67,151.62857142857143,-0.0643592520977498,-0.09880894466366431,0.34482928712085376
78730 | Entire home/apt | 3-4 guests,3,212.0,209.67,-0.0247780007266928,0.04188232618085173,0.26916958537822583
78730 | Entire home/apt | 5-6 guests,7,270.43,434.4771428571429,0.2757531906035613,0.05153468132301458,0.5281390912925452
78730 | Entire home/apt | 7+ guests,16,1092.665,1478.21875,0.14606593744872315,0.1483054047686787,0.28358086359945195
78731 | Entire home/apt | 1-2 guests,14,101.565,111.92928571428571,-0.0924327912952427,-0.07590021949989618,0.18791692701842966
78731 | Entire home/apt | 3-4 guests,15,166.0,184.02599999999998,0.0327493239321263,0.08689242081349677,0.34743862145464094
78731 | Entire home/apt | 5-6 guests,20,329.25,303.7245,0.0507561786740193,0.03163260541469963,0.34942151728320886
78731 | Entire home/apt | 7+ guests,27,718.67,886.7862962962963,0.0005434535036874,-0.025990556260410202,0.535861039645648
78731 | Private room | 1-2 guests,7,55.34,72.7,0.0074945407895539,0.046444505259272614,0.2851258669938468
78731 | Private room | 3-4 guests,1,173.0,173.0,0.1092184516817607,0.1092184516817607,
78731 | Private room | 5-6 guests,1,108.43,108.43,-0.7177587259494267,-0.7177587259494267,
78732 | Entire home/apt | 1-2 guests,2,238.0,238.0,0.1812140346942393,0.1812140346942393,0.4337667339734657
78732 | Entire home/apt | 3-4 guests,11,330.0,349.46363636363634,0.0975776790924642,0.16769638782219703,0.6009602808951926
78732 | Entire home/apt | 5-6 guests,11,391.5,389.40909090909093,-0.0219600506908319,0.02718601351024824,0.346200114427275
78732 | Entire home/apt | 7+ guests,25,596.5,691.95,-0.0653283459228495,-0.02484106128973699,0.5328746913023564
78732 | Private room | 1-2 guests,3,194.0,213.51666666666665,0.4193119209383438,0.3922978293503654,0.2740174541589258
78733 | Entire home/apt | 1-2 guests,9,172.0,190.60666666666668,-0.2219521607488417,-0.04110571220063668,0.41343744683388955
78733 | Entire home/apt | 3-4 guests,11,234.0,243.82545454545453,-0.1272695523413132,-0.06135532785699978,0.1888900573058394
78733 | Entire home/apt | 5-6 guests,10,318.83500000000004,506.42600000000004,-0.0347026863249464,0.06135977362832882,0.7575334759929979
78733 | Entire home/apt | 7+ guests,28,938.4649999999999,1308.126785714286,0.07668090459553095,0.0668838016667536,0.44997437836057863
78733 | Private room | 1-2 guests,6,345.0,319.6666666666667,0.16274475658442883,0.18646499748572834,0.3037907042731365
78733 | Private room | 3-4 guests,3,405.0,405.0,0.2622625951362867,0.2704364003613436,0.05664289531283278
78734 | Entire home/apt | 1-2 guests,18,163.75,186.505,-0.10490818895558934,-0.05713898613871401,0.35806962261289277
78734 | Entire home/apt | 3-4 guests,47,218.0,250.71808510638297,0.0104804885211482,0.06824797394186136,0.34180098264485353
78734 | Entire home/apt | 5-6 guests,73,263.0,307.0916438356164,-0.0442612290186525,-0.04542690965945655,0.32635563195448464
78734 | Entire home/apt | 7+ guests,126,637.0,834.9011904761905,0.03360587822865875,0.01971695543719026,0.36269749440837606
78734 | Hotel room | 1-2 guests,8,280.0,284.875,-0.06795658689677885,-0.06198887573166842,0.1898571047638166
78734 | Hotel room | 3-4 guests,20,352.0,355.45,0.11384469235783659,0.0821924571705113,0.20173560079730843
78734 | Hotel room | 7+ guests,10,849.0,850.6,0.01278317723783355,0.03121838320014707,0.11115996283288913
78734 | Private room | 1-2 guests,8,144.73000000000002,145.4625,-0.1765063163938318,-0.27938338863156953,0.6892559299611173
78734 | Private room | 3-4 guests,3,200.0,185.0,-0.0651693448223467,-0.30305894220319846,0.49776062914510605
78735 | Entire home/apt | 1-2 guests,9,217.0,218.8322222222222,0.1682367458131226,0.19264695567634413,0.29605842613333994
78735 | Entire home/apt | 3-4 guests,17,155.0,151.19764705882355,0.0009158292866286,-0.023071210371381868,0.16939462391397012
78735 | Entire home/apt | 5-6 guests,11,155.0,191.68818181818185,-0.0973750040519378,-0.08465906717872893,0.23405303744879588
78735 | Entire home/apt | 7+ guests,12,665.25,617.1941666666667,-0.1513284609542231,-0.12142774469418756,0.2788164112213586
78735 | Private room | 1-2 guests,1,92.0,92.0,-1.2886728435117067,-1.2886728435117067,
78735 | Private room | 5-6 guests,1,1142.0,1142.0,1.701254816202674,1.701254816202674,
78736 | Entire home/apt | 1-2 guests,7,158.5,191.50571428571428,0.0277638883122151,-0.009157376325904862,0.41897710603571453
78736 | Entire home/apt | 3-4 guests,13,156.0,176.8353846153846,-0.203446969115407,-0.15005749058083984,0.2781231743508266
78736 | Entire home/apt | 5-6 guests,12,292.25,343.4075,-0.0383626985093132,0.08240821567040248,0.454273127026645
78736 | Entire home/apt | 7+ guests,28,467.75,668.6239285714286,-0.0715506893965005,0.008644622820184905,0.356562712722118
78736 | Private room | 1-2 guests,2,188.0,188.0,0.5034745324567704,0.5034745324567704,0.05731893715103577
78736 | Private room | 3-4 guests,1,108.0,108.0,-0.4758555795152475,-0.4758555795152475,
78737 | Entire home/apt | 1-2 guests,22,165.75,180.21227272727273,-0.0161705725282641,-0.012362271347206057,0.18519524796090928
78737 | Entire home/apt | 3-4 guests,33,189.0,223.32000000000002,-0.0176083848502823,0.02173672386738852,0.2797012186249355
78737 | Entire home/apt | 5-6 guests,16,302.75,428.003125,0.07425496909862335,0.1320930064247846,0.45375924895557257
78737 | Entire home/apt | 7+ guests,74,630.165,816.2506756756757,-0.01916668501583225,0.022382432101102058,0.3788998432697497
78737 | Private room | 1-2 guests,6,139.0,308.25,0.027240991855153496,0.33057234840944005,0.8998853123650634
78738 | Entire home/apt | 1-2 guests,13,219.0,210.05769230769232,0.0887645016796918,0.09169945423595631,0.22481994182109957
78738 | Entire home/apt | 3-4 guests,6,152.885,150.76166666666666,-0.00036328002665795417,-0.034891673151854985,0.19767454511035273
78738 | Entire home/apt | 5-6 guests,13,282.5,476.1038461538461,0.0885208629912419,-0.027650880681852064,0.5131478581756589
78738 | Entire home/apt | 7+ guests,11,374.0,372.4390909090909,-0.2985900610552745,-0.29254447279195417,0.48301798052359507
78738 | Private room | 1-2 guests,4,213.85,192.675,-0.018651325846898548,0.03313464540495102,0.1595392425203597
78738 | Private room | 3-4 guests,6,215.325,216.49166666666667,-0.0927862212032972,-0.07087864083800337,0.14705500048116446
78738 | Private room | 7+ guests,3,641.55,644.65,-0.1545336976280751,-0.07969991421008456,0.17412626503188816
78739 | Entire home/apt | 1-2 guests,3,196.5,168.58,0.2260003313091241,0.2497308846021484,0.04586549594588245
78739 | Entire home/apt | 3-4 guests,5,174.5,161.58599999999998,-0.0410642246040264,-0.05959645186949965,0.15357261767026398
78739 | Entire home/apt | 5-6 guests,4,295.72,326.5525,0.0313133189698091,0.08156462387736638,0.3062032495876885
78739 | Entire home/apt | 7+ guests,11,504.33,671.1872727272728,-0.0396120075503079,-0.14780820286352192,0.45354177832609177
78739 | Private room | 3-4 guests,1,138.5,138.5,-0.3915737035471291,-0.3915737035471291,
78741 | Entire home/apt | 1-2 guests,60,107.75,116.69416666666666,-0.02989263875672285,0.013819773484210355,0.3007019265567308
78741 | Entire home/apt | 3-4 guests,116,155.64999999999998,191.16172413793103,-0.04385568040295855,0.002559000396871385,0.36859011483957277
78741 | Entire home/apt | 5-6 guests,115,201.0,241.5182608695652,-0.0796816566317533,-0.03028980151249658,0.30612631562076953
78741 | Entire home/apt | 7+ guests,145,344.77,464.1015172413793,-0.0279584064009705,-0.013257462845034184,0.33056002494298314
78741 | Hotel room | 1-2 guests,5,107.0,99.8,-0.0521062285277622,-0.15244946138640386,0.23280763292856638
78741 | Hotel room | 3-4 guests,3,82.0,91.66666666666667,-0.3558185557048965,-0.29326299093032066,0.1510684320062268
78741 | Private room | 1-2 guests,43,63.6,66.92651162790698,-0.0986699714691914,-0.09328189923616317,0.2619497799628696
78741 | Private room | 3-4 guests,3,118.0,129.27666666666667,0.0267989448232039,-0.16011191338672953,0.33954718667858774
78741 | Private room | 5-6 guests,3,175.5,194.97333333333336,0.4067983100397754,0.2734139841452423,0.2710054322513484
78742 | Entire home/apt | 1-2 guests,1,124.5,124.5,-0.1670542177217866,-0.1670542177217866,
78742 | Entire home/apt | 3-4 guests,1,399.5,399.5,0.0597313403714734,0.0597313403714734,
78742 | Entire home/apt | 5-6 guests,1,223.0,223.0,0.0407432128293701,0.0407432128293701,
78742 | Entire home/apt | 7+ guests,1,615.0,615.0,-0.1967130440114495,-0.1967130440114495,
78744 | Entire home/apt | 1-2 guests,31,123.0,133.58870967741936,-0.0555983712676075,-0.0699155137104162,0.31627834696349344
78744 | Entire home/apt | 3-4 guests,44,177.345,212.90090909090907,-0.0178603581903269,0.04721348967598775,0.4332128967680042
78744 | Entire home/apt | 5-6 guests,60,234.9,324.791,-0.01326547757260595,0.07853788742113241,0.4239923999024621
78744 | Entire home/apt | 7+ guests,80,327.25,372.594875,-0.07253743092932205,-0.01775746275136647,0.33852847998254426
78744 | Hotel room | 1-2 guests,10,117.5,109.5,-0.015810695172517004,-0.033181236647747074,0.17802671377061763
78744 | Hotel room | 3-4 guests,8,102.5,111.125,-0.0716863156078649,-0.12272670039190482,0.3100162946217698
78744 | Private room | 1-2 guests,110,67.83,78.11809090909091,-0.0589008184592585,0.0015090897876442718,0.34669079351524434
78744 | Private room | 3-4 guests,6,99.5,146.93166666666667,-0.15124610880866116,-0.022245753361791226,0.513318182890863
78745 | Entire home/apt | 1-2 guests,65,103.0,139.7963076923077,0.056320779879198,0.06221068923370208,0.3556060888402569
78745 | Entire home/apt | 3-4 guests,123,147.0,172.93317073170732,-0.0095753209319058,-0.003584468903348641,0.32181668733028346
78745 | Entire home/apt | 5-6 guests,135,223.67,235.77570370370373,-0.0056567762294932,-0.025649317618675893,0.2968453840050975
78745 | Entire home/apt | 7+ guests,175,365.0,430.9517142857143,-0.0137907272887245,-0.012125925373261555,0.3560564359397374
78745 | Private room | 1-2 guests,83,80.0,88.30289156626506,-0.1160780508865473,-0.06824112121505647,0.342169991465917
78745 | Private room | 3-4 guests,7,100.0,101.57142857142857,-0.1744784438302353,-0.14159594000710563,0.19668366291198894
78745 | Private room | 5-6 guests,1,200.0,200.0,0.1141061602584656,0.1141061602584656,
78745 | Private room | 7+ guests,2,342.8,342.8,-0.1447742106563891,-0.1447742106563891,0.14135566130223967
78746 | Entire home/apt | 1-2 guests,8,181.75,204.19125,-0.021009040415501452,0.002510341238945328,0.25912739921090794
78746 | Entire home/apt | 3-4 guests,23,271.6,336.8252173913043,0.0398592905670032,0.14694116037800828,0.4389882927567106
78746 | Entire home/apt | 5-6 guests,31,399.67,477.31774193548387,-0.0379408511297052,0.0012616378366547706,0.35729791078752376
78746 | Entire home/apt | 7+ guests,71,1002.0,1187.9956338028169,-0.0228055994851725,0.05274064716279064,0.517346760470435
78746 | Private room | 1-2 guests,18,112.69,114.64666666666666,-0.0222491166941996,-0.01798296191248701,0.25000281585252104
78746 | Private room | 5-6 guests,1,256.0,256.0,-0.0799897823291093,-0.0799897823291093,
78746 | Private room | 7+ guests,1,262.28,262.28,-1.262998141509982,-1.262998141509982,
78747 | Entire home/apt | 1-2 guests,3,120.0,115.57,-0.0851735839463065,-0.14627077624635934,0.1509225181244341
78747 | Entire home/apt | 3-4 guests,6,234.79,257.2,0.17424322305273415,0.17480869840967148,0.16165250056386551
78747 | Entire home/apt | 5-6 guests,8,208.05,202.5775,-0.09140846279990765,0.006269085889749629,0.33944685197189645
78747 | Entire home/apt | 7+ guests,21,405.5,359.79523809523806,0.042904597934851,-0.08726677858600732,0.401338661397462
78747 | Private room | 1-2 guests,26,63.0,66.73807692307693,-0.18150032905171448,-0.1698066622945794,0.2652499218018067
78747 | Private room | 3-4 guests,2,351.5,351.5,0.5046889243032942,0.5046889243032942,0.3680217955050751
78748 | Entire home/apt | 1-2 guests,20,140.25,139.02349999999998,-0.03459430252934665,-0.06275489644754531,0.22612589225160593
78748 | Entire home/apt | 3-4 guests,27,171.5,230.6303703703704,-0.0473258044586097,0.01893503671138798,0.3786709976035043
78748 | Entire home/apt | 5-6 guests,30,231.19,249.63533333333334,0.019502536657701,-0.021366911238406047,0.29126858383663634
78748 | Entire home/apt | 7+ guests,34,365.0,418.3405882352941,0.0516158200316425,0.06250346115092997,0.29973845873101546
78748 | Private room | 1-2 guests,27,46.51,65.45296296296296,-0.0745090863260022,-0.019425290415706172,0.1843367148640817
78748 | Private room | 3-4 guests,5,188.0,171.84,-0.4116887365561021,-0.1779477290124003,0.44988811385960503
78749 | Entire home/apt | 1-2 guests,10,128.715,150.049,-0.03003536671837985,-0.02065428614448876,0.27524000783275127
78749 | Entire home/apt | 3-4 guests,13,236.0,224.22615384615386,-0.0316751520130349,-0.11517964138319756,0.3993467960567658
78749 | Entire home/apt | 5-6 guests,26,249.18,288.0034615384615,-0.013094845371596851,0.0345824653106965,0.24409241944785912
78749 | Entire home/apt | 7+ guests,25,398.0,509.9996,0.017005967042226,0.03664474269507235,0.24031627818094664
78749 | Private room | 1-2 guests,18,104.0,129.85722222222222,0.0573161623994078,0.07460068767724126,0.26481185288000914
78749 | Private room | 3-4 guests,3,145.0,198.83333333333334,0.2721783817816394,0.25933635394655025,0.6091779341923467
78749 | Private room | 5-6 guests,1,268.4,268.4,-0.0657348600634266,-0.0657348600634266,
78749 | Private room | 7+ guests,1,228.5,228.5,-1.066341205229496,-1.066341205229496,
78750 | Entire home/apt | 1-2 guests,4,101.795,111.13,-0.0734776645044071,-0.010961371892923358,0.2927493917791795
78750 | Entire home/apt | 3-4 guests,11,108.73,134.02454545454546,-0.1389074336156195,-0.1314860597500086,0.31505946422936454
78750 | Entire home/apt | 5-6 guests,11,212.5,234.04636363636365,-0.0203711924151583,-0.09417340661662457,0.39129686609230047
78750 | Entire home/apt | 7+ guests,12,348.5,597.0433333333333,0.0607564950591168,0.23491916747100064,0.6142925469398309
78750 | Private room | 1-2 guests,2,38.115,38.115,-0.2370334414557555,-0.2370334414557555,0.1806605290356526
78750 | Private room | 5-6 guests,1,113.0,113.0,-0.1707103387679236,-0.1707103387679236,
78751 | Entire home/apt | 1-2 guests,78,131.12,129.16846153846154,-0.07178097440276196,-0.039865592201676917,0.25261879697998724
78751 | Entire home/apt | 3-4 guests,116,155.0,182.06258620689653,-0.00829263766242105,0.013207377620646815,0.23860446932192103
78751 | Entire home/apt | 5-6 guests,42,205.0,214.18047619047618,0.02809698106815435,-0.016239971084979384,0.3163119249827459
78751 | Entire home/apt | 7+ guests,24,326.75,409.9066666666667,-0.0388518419400165,0.015508550491993485,0.34094926896005906
78751 | Private room | 1-2 guests,32,39.82,64.453125,-0.0723222522972644,-0.01662246974083298,0.2869833232116344
78751 | Shared room | 1-2 guests,43,16.81,17.607209302325582,-0.0367879379038522,-0.014843714502019552,0.16573305605670488
78752 | Entire home/apt | 1-2 guests,65,92.0,102.74953846153846,-0.0656520982136683,-0.026170308547193703,0.2601739552026994
78752 | Entire home/apt | 3-4 guests,44,132.0,153.22022727272727,0.03009506342204735,-0.01367143967082786,0.271268755034752
78752 | Entire home/apt | 5-6 guests,30,205.91500000000002,225.68333333333334,-0.09076036892423375,-0.09284439163666787,0.1927874961610542
78752 | Entire home/apt | 7+ guests,18,321.985,358.4761111111111,0.0156154329376572,0.084226263145184,0.3472287761417294
78752 | Private room | 1-2 guests,29,110.0,97.12931034482759,0.0581492235718545,0.006421478358474443,0.2874457031408701
78752 | Private room | 3-4 guests,5,124.8,140.44,-0.0949842679497949,-0.07603994795505996,0.15571255010440627
78752 | Private room | 5-6 guests,2,289.3,289.3,0.13499026394147456,0.13499026394147456,0.047398232930210615
78752 | Private room | 7+ guests,15,374.4,365.6933333333333,-0.0143016882292092,-0.02205203589243472,0.10574108092019033
78753 | Entire home/apt | 1-2 guests,38,131.0,131.04894736842104,-0.00133477075074275,-0.03510635539942805,0.2228883861626012
78753 | Entire home/apt | 3-4 guests,35,148.5,150.55314285714286,-0.0754521535975616,-0.04997428941382128,0.37586605702340115
78753 | Entire home/apt | 5-6 guests,30,183.92000000000002,206.43633333333335,-0.06020924619366935,-0.05505852845042334,0.2195138136431209
78753 | Entire home/apt | 7+ guests,28,371.0,414.55035714285714,0.10190044084364475,0.10429595911677825,0.3632169063111257
78753 | Hotel room | 3-4 guests,2,131.0,131.0,-0.2892300768815361,-0.2892300768815361,0.09092198453573479
78753 | Hotel room | 5-6 guests,1,126.0,126.0,-0.4472643565732106,-0.4472643565732106,
78753 | Hotel room | 7+ guests,6,392.0,392.0,0.0380474984911636,0.04040757065805114,0.12380350158025635
78753 | Private room | 1-2 guests,45,58.79,72.03355555555555,-0.0183028368559998,0.0005882600812016929,0.2787966550418029
78753 | Private room | 3-4 guests,6,100.785,99.57833333333333,0.06747361261162504,0.04071619395561768,0.20005889190405884
78753 | Shared room | 1-2 guests,1,44.0,44.0,-0.5585222316860095,-0.5585222316860095,
78754 | Entire home/apt | 1-2 guests,2,614.935,614.935,1.048352866654413,1.048352866654413,1.549329443246866
78754 | Entire home/apt | 3-4 guests,1,480.0,480.0,1.167687212966439,1.167687212966439,
78754 | Entire home/apt | 5-6 guests,11,157.94,191.81272727272727,-0.0161843363263818,-0.07564056954610193,0.26752398561863056
78754 | Entire home/apt | 7+ guests,41,277.5,292.9639024390244,-0.0240548535854143,-0.0520668175713306,0.25871475400321636
78754 | Hotel room | 1-2 guests,2,87.2,87.2,-0.22694656287372744,-0.22694656287372744,0.019556600336984347
78754 | Hotel room | 3-4 guests,3,173.6,147.4,-0.1515011161669903,-0.16264419713106928,0.13159209875831232
78754 | Hotel room | 5-6 guests,2,260.8,260.8,0.007774737669332701,0.007774737669332701,0.05353134905547464
78754 | Hotel room | 7+ guests,8,313.6,296.6,-0.0056495498386595,-0.0402895061180375,0.1498590725701703
78754 | Private room | 1-2 guests,51,52.33,68.08784313725491,-0.0329822932435481,-0.032680567240073996,0.30718649357396016
78754 | Private room | 3-4 guests,4,163.0,185.83249999999998,0.2994983623329092,0.255505995351323,0.48870350512036304
78754 | Private room | 7+ guests,2,246.0,246.0,-0.0843743615238504,-0.0843743615238504,0.22440056108690962
78756 | Entire home/apt | 1-2 guests,25,157.0,138.006,-0.0321302235525875,-0.02313221089381704,0.19626936943980738
78756 | Entire home/apt | 3-4 guests,39,164.5,182.09307692307692,-0.096081306830916,-0.08080007479919872,0.22252704476650637
78756 | Entire home/apt | 5-6 guests,24,276.75,302.72375,0.08327860876358305,0.03896953858854479,0.2386564684424024
78756 | Entire home/apt | 7+ guests,16,305.5,461.54312500000003,-0.13457567056098124,-0.047207869013615816,0.33136999523062366
78756 | Private room | 1-2 guests,6,46.67,64.51166666666667,0.15304695932010465,0.14210878832966573,0.13310744151378967
78756 | Shared room | 1-2 guests,14,16.81,18.55,-0.01192386589930105,0.01833816005971384,0.1421226444870802
78757 | Entire home/apt | 1-2 guests,46,127.6,143.95195652173913,-0.04043201199258645,-0.025173479309696413,0.3563094887048931
78757 | Entire home/apt | 3-4 guests,58,143.62,178.38327586206896,-0.04188106560143765,0.0022599211789457434,0.33748736403023555
78757 | Entire home/apt | 5-6 guests,46,214.16500000000002,276.1208695652174,-0.06658082734249365,-0.0009333581976465803,0.39911666437337345
78757 | Entire home/apt | 7+ guests,23,456.5,601.1978260869565,0.0040315389014695,0.04021967135209922,0.2464575175277611
78757 | Private room | 1-2 guests,17,101.0,90.06705882352942,-0.0179085362214497,-0.04055409382570881,0.34895107600888975
78757 | Private room | 3-4 guests,1,183.0,183.0,-0.3426388461219627,-0.3426388461219627,
78757 | Shared room | 1-2 guests,2,29.905,29.905,0.3384231020424082,0.3384231020424082,0.0696482061137718
78758 | Entire home/apt | 1-2 guests,50,100.07,124.2882,-0.011251474131258848,0.008032047608612536,0.2774740462821783
78758 | Entire home/apt | 3-4 guests,97,189.0,181.93432989690723,0.0425170320317569,0.047444563232721365,0.2923900915344493
78758 | Entire home/apt | 5-6 guests,66,196.0,258.7042424242424,-0.0123631993927961,0.017360204650927417,0.4540518286558623
78758 | Entire home/apt | 7+ guests,56,307.315,343.4996428571429,-0.0488998837879042,-0.02947201056635018,0.26714874821382567
78758 | Hotel room | 1-2 guests,5,118.0,156.76,0.0780192561991519,0.05951606014085904,0.16979879903313824
78758 | Hotel room | 3-4 guests,3,105.0,179.46666666666667,-0.0952257557500191,-0.06888993495018317,0.21653306050085078
78758 | Private room | 1-2 guests,29,62.31,88.87310344827587,0.0455188797958427,0.011507836103621554,0.35596215865499387
78758 | Private room | 3-4 guests,1,521.0,521.0,0.6544307162916914,0.6544307162916914,
78759 | Entire home/apt | 1-2 guests,18,93.39,105.97833333333332,-0.026963980501490452,-0.036165008875192986,0.2652348302022523
78759 | Entire home/apt | 3-4 guests,31,154.22,206.19612903225806,0.0026910787812743,-0.002210944232801498,0.3544345871986599
78759 | Entire home/apt | 5-6 guests,24,228.5,233.55291666666668,-0.08129712171675545,-0.07773908469313091,0.26469677438779354
78759 | Entire home/apt | 7+ guests,26,375.25,394.59461538461534,-0.1016632828310317,-0.07363711505803842,0.3472983900816055
78759 | Hotel room | 1-2 guests,1,83.0,83.0,-0.1660818358979421,-0.1660818358979421,
78759 | Private room | 1-2 guests,10,50.144999999999996,62.384,0.0517947594487142,0.08336167674834974,0.213579390393216
78759 | Private room | 3-4 guests,8,109.78999999999999,106.11,-0.28526690897954365,-0.1848389156200707,0.21101976911946693
78759 | Private room | 5-6 guests,4,202.5,210.0,0.193951981787511,0.10105567045934302,0.23528148330331047
78759 | Private room | 7+ guests,3,484.8,460.40000000000003,-0.0410582250543276,-0.05720500675339876,0.1052097790420443
