simple_peer_group,group_size,group_median_price,group_mean_price,group_median_residual,group_mean_residual,group_std_residual
78701 | Entire home/apt,609,284.0,335.4870607553366,-0.0231217081584977,0.0013738022969590614,0.27288128543005524
78701 | Hotel room,1,683.67,683.67,0.1690141945094714,0.1690141945094714,
78701 | Private room,332,321.945,346.58478915662647,0.0091090012063359,0.02029039687503787,0.24408774939872344
78701 | Shared room,8,46.0,43.5,-0.38644458885623356,-0.35857028419102965,0.3091688582568178
78702 | Entire home/apt,1035,272.74,364.5132077294686,-0.0202854429601355,-0.0016356186977615147,0.2947125360402011
78702 | Private room,77,109.0,155.2446753246753,0.0647087103550738,0.13360418929436213,0.3640133014438481
78703 | Entire home/apt,369,209.6,349.20921409214094,-0.0084456970450679,0.021203297150587313,0.2965660845962729
78703 | Private room,24,109.58500000000001,148.5425,0.1321496048232331,0.05103600281343379,0.41784984838526745
78703 | Shared room,3,96.0,106.8,-0.1735165713114215,-0.13592473046719325,0.0957634036762748
78704 | Entire home/apt,1408,233.97,369.67099431818184,-0.0040780928793968,0.01093677463277501,0.34858403458870546
78704 | Hotel room,48,1400.67,1555.9097916666667,-0.02381365989026515,-0.00953039878661502,0.36094267158519544
78704 | Private room,68,109.0,157.9039705882353,0.033342338389224804,0.009091127995305868,0.44011032615868173
78705 | Entire home/apt,306,176.675,219.8711437908497,-0.0162357105778676,-0.01298680301315406,0.27892709188148884
78705 | Hotel room,10,209.71,210.35,-0.10233714574879554,-0.13360352066416048,0.18374537341919445
78705 | Private room,61,48.0,108.03573770491803,-0.0167073267603341,-0.045976979410157284,0.4879310188814632
78717 | Entire home/apt,32,204.79000000000002,306.26125,0.03387306426177475,-0.02782252496772579,0.3192401820489185
78717 | Hotel room,8,105.0,108.75,-0.0271651109013513,-0.05688199386648273,0.15050228942458613
78717 | Private room,16,70.85,93.49812499999999,-0.021951027897147098,0.11204718049105884,0.433100957306728
78719 | Entire home/apt,15,98.5,121.81733333333334,-0.0625124769934428,-0.08932431218049915,0.29487490074345374
78721 | Entire home/apt,284,256.05,294.871338028169,-0.024911775871989603,-0.010660898862057655,0.2591778872232282
78721 | Private room,20,92.5,104.447,-0.0237673256313022,-0.03315551939110241,0.3097080515252776
78722 | Entire home/apt,141,216.0,268.22709219858154,-0.0293935477250997,-0.030745111672791633,0.258302531897442
78722 | Private room,8,79.75,87.90375,-0.0352603744986255,0.017403261299858433,0.2194231968025323
78723 | Entire home/apt,260,218.66,275.57265384615386,-0.02094903996943515,0.009877256555489905,0.4005469675932062
78723 | Hotel room,20,273.5,297.9,0.01712027429673355,0.01900730645007899,0.21410797804700837
78723 | Private room,53,80.0,128.15509433962265,-0.0059268659323414,0.03885651109448748,0.5219018525763431
78724 | Entire home/apt,114,200.87,256.7735087719298,0.039652739932152195,0.03244580684946274,0.30446287330094596
78724 | Private room,50,63.835,118.5766,-0.1569373949565211,-0.06576108583225315,0.549620920467284
78725 | Entire home/apt,50,274.5,292.7634,-0.020322713550331,-0.009210777308813938,0.295973687317812
78725 | Private room,26,62.995000000000005,77.60576923076923,-0.11364962805829121,-0.06693635639688858,0.4193837758794845
78726 | Entire home/apt,8,149.445,185.41125,-0.20407346611242436,-0.2075706346485252,0.3611776006433488
78726 | Private room,6,76.5,327.05333333333334,-0.29556603704598405,0.1353263888459996,1.0833548621143747
78727 | Entire home/apt,85,169.33,247.30435294117646,-0.0098546126876462,0.043596551976692696,0.3834756134116108
78727 | Private room,20,51.015,65.7505,0.017683909814830447,-0.05605854076747987,0.37262973151730117
78728 | Entire home/apt,59,232.66,256.76389830508475,-0.013551835750829,-0.004742563697244678,0.29109438420273875
78728 | Private room,21,81.01,79.7604761904762,-0.0716742076776864,-0.08934853902043237,0.34471869107265896
78729 | Entire home/apt,94,285.3,317.35840425531916,-0.047206775137986295,-0.019155271208932168,0.36457289183256625
78729 | Private room,38,87.81,88.76052631578948,0.0017881490324866498,-0.02060617382412619,0.2867945094819019
78730 | Entire home/apt,33,742.0,860.0984848484849,0.0543283780229879,0.06568526095323837,0.3553137774498855
78731 | Entire home/apt,76,291.0,451.9094736842106,-0.012877358636337502,0.0022590832693002863,0.4027648084456426
78731 | Private room,9,106.23,87.81444444444445,0.0074945407895539,-0.03149208193919531,0.3572570332575566
78732 | Entire home/apt,49,419.0,528.619387755102,-0.0219600506908319,0.038471590853101055,0.5028919592411775
78732 | Private room,3,194.0,213.51666666666665,0.4193119209383438,0.3922978293503654,0.2740174541589258
78733 | Entire home/apt,58,421.5,794.6439655172413,-0.0347026863249464,0.02485317528827002,0.46903271779458877
78733 | Private room,9,385.0,348.1111111111111,0.2622625951362867,0.21445546511093344,0.245449380778013
78734 | Entire home/apt,264,338.5,540.7427272727273,0.00744738486626365,0.00510350380574347,0.3495592742631919
78734 | Hotel room,38,359.0,470.89473684210526,0.0259855933991475,0.03842426235679866,0.18426416176354118
78734 | Private room,11,151.0,156.24545454545455,-0.1331390362830333,-0.28584035778746836,0.618245131425481
78735 | Entire home/apt,49,179.9,286.8316326530612,-0.0387105989456788,-0.021362666337197214,0.25575573487463865
78735 | Private room,2,617.0,617.0,0.2062909863454836,0.2062909863454836,2.1141981234412626
78736 | Entire home/apt,60,284.25,441.3626666666667,-0.06905696199225494,-0.01306501641370408,0.36939802656462345
78736 | Private room,3,126.0,161.33333333333334,0.4629439233068675,0.17703116179943112,0.5668673151774031
78737 | Entire home/apt,145,370.0,541.9643448275863,-0.0150251064299613,0.029069862043195817,0.34364341802605375
78737 | Private room,6,139.0,308.25,0.027240991855153496,0.33057234840944005,0.8998853123650634
78738 | Entire home/apt,43,251.45,323.75581395348837,0.0111489813959693,-0.06034204147486674,0.4142178472204593
78738 | Private room,13,216.0,307.96923076923076,-0.079091377907134,-0.04091023123372845,0.15192026825488175
78739 | Entire home/apt,23,399.67,434.9104347826087,0.0060398398855507,-0.036887884414362124,0.36164510767325936
78739 | Private room,1,138.5,138.5,-0.3915737035471291,-0.3915737035471291,
78741 | Entire home/apt,436,205.45499999999998,284.9672706422018,-0.04314207588135225,-0.009815662457287528,0.330370809126055
78741 | Hotel room,8,97.5,96.75,-0.1171702974632795,-0.20525453496537266,0.20688825901895255
78741 | Private room,49,70.0,78.5834693877551,-0.0973059401286922,-0.07492276438529548,0.2761225523197968
78742 | Entire home/apt,4,311.25,340.5,-0.06315550244620825,-0.06582317713309815,0.13478404105029132
78744 | Entire home/apt,215,236.67,292.11134883720933,-0.0405464425557786,0.014891576027345048,0.3826133445578283
78744 | Hotel room,18,109.5,110.22222222222223,-0.0391638573404394,-0.07297922053403941,0.2417643002756997
78744 | Private room,116,70.875,81.67741379310345,-0.07176978714718091,0.0002803910040527826,0.35412954645324685
78745 | Entire home/apt,498,229.5,276.3128714859438,-0.0049317147575659494,-0.003979698180247521,0.332525162817489
78745 | Private room,93,81.69,95.97569892473118,-0.1206331157378004,-0.07344760109627677,0.32858034102717454
78746 | Entire home/apt,133,514.0,815.9778195488722,-0.0191392700671446,0.05401072285789615,0.45710779340590807
78746 | Private room,20,114.19,129.096,-0.0631226957247692,-0.08333406191319287,0.36498134434382856
78747 | Entire home/apt,38,262.475,291.2165789473684,-0.018625978588558252,-0.03085288951234752,0.3516692948447049
78747 | Private room,28,63.0,87.07821428571428,-0.14301874690527544,-0.12162840610901701,0.3185194114503987
78748 | Entire home/apt,111,219.9,276.75792792792794,-0.0080403660744234,0.006668994632756816,0.3068142622775886
78748 | Private room,32,53.59,82.0759375,-0.0776615515586935,-0.04419442144643963,0.24090504072286126
78749 | Entire home/apt,74,255.95999999999998,333.1555405405405,-0.00381797184480875,0.001505195486871111,0.2797344144457866
78749 | Private room,23,109.0,149.16652173913045,0.052333828896165,0.04298892933639438,0.38935647374705634
78750 | Entire home/apt,38,199.75,306.78473684210525,-0.0202465878230015,0.00770869452756182,0.4614890223332302
78750 | Private room,3,39.45,63.076666666666675,-0.1707103387679236,-0.21492574055981153,0.13336178122848577
78751 | Entire home/apt,260,155.0,192.41438461538462,-0.02360373286104605,-0.007258976774988689,0.26642375340564817
78751 | Private room,32,39.82,64.453125,-0.0723222522972644,-0.01662246974083298,0.2869833232116344
78751 | Shared room,43,16.81,17.607209302325582,-0.0367879379038522,-0.014843714502019552,0.16573305605670488
78752 | Entire home/apt,157,131.71,169.7036942675159,-0.0561905547667471,-0.02275077970427223,0.26532142566651595
78752 | Private room,51,128.0,187.90098039215687,0.0144451091579327,-0.004995625056531621,0.22986265930757604
78753 | Entire home/apt,131,174.83,214.12,-0.030392938382544,-0.013851989564159695,0.3051548852511133
78753 | Hotel room,9,271.0,304.44444444444446,-0.0472446717632619,-0.087031009598664,0.22189070581292758
78753 | Private room,51,60.0,75.27411764705883,-0.0042280140436621,0.005309193478191805,0.2693939848527584
78753 | Shared room,1,44.0,44.0,-0.5585222316860095,-0.5585222316860095,
78754 | Entire home/apt,55,240.0,287.84236363636364,-0.0161843363263818,0.0054110392880652594,0.4200419199970349
78754 | Hotel room,15,260.8,234.06666666666666,-0.0311658766734668,-0.08323948604975316,0.14308558243547173
78754 | Private room,57,66.72,82.59315789473685,-0.0116114225045382,-0.01427076615589794,0.3219155291603897
78756 | Entire home/apt,104,198.0,242.32538461538462,-0.06027943290640355,-0.03413043430391302,0.24099844686719893
78756 | Private room,6,46.67,64.51166666666667,0.15304695932010465,0.14210878832966573,0.13310744151378967
78756 | Shared room,14,16.81,18.55,-0.01192386589930105,0.01833816005971384,0.1421226444870802
78757 | Entire home/apt,173,167.22,251.42849710982657,-0.0444248698025901,-0.0008369170858996645,0.3475522801091263
78757 | Private room,18,102.0,95.23,-0.04353701763009506,-0.05733658006438959,0.3459390561369541
78757 | Shared room,2,29.905,29.905,0.3384231020424082,0.3384231020424082,0.0696482061137718
78758 | Entire home/apt,269,194.0,223.6895910780669,0.0120289578745911,0.01672515215334646,0.3318905000630394
78758 | Hotel room,8,117.0,165.275,0.0196154250635536,0.011363811981718212,0.18516974756609558
78758 | Private room,30,65.555,103.27733333333335,0.059504281553960106,0.03293859877655722,0.36894187642631127
78759 | Entire home/apt,99,202.0,244.08505050505048,-0.0382749316144179,-0.04545265106176223,0.3145572273018841
78759 | Hotel room,1,83.0,83.0,-0.1660818358979421,-0.1660818358979421,
78759 | Private room,25,107.0,147.7568,0.0152533634394727,-0.016499475835995692,0.2324808803395442
